question,choice,answer,video,duration
/videos/level1/q01_question.mp4,/videos/level1/q01_choice.mp4,/videos/level1/q01_answer.mp4,/videos/level1/q01_explain.mp4,10
/videos/level1/q02_question.mp4,/videos/level1/q02_choice.mp4,/videos/level1/q02_answer.mp4,/videos/level1/q02_explain.mp4,10
/videos/level1/q03_question.mp4,/videos/level1/q03_choice.mp4,/videos/level1/q03_answer.mp4,/videos/level1/q03_explain.mp4,12
/videos/level1/q04_question.mp4,/videos/level1/q04_choice.mp4,/videos/level1/q04_answer.mp4,/videos/level1/q04_explain.mp4,10
/videos/level1/q05_question.mp4,/videos/level1/q05_choice.mp4,/videos/level1/q05_answer.mp4,/videos/level1/q05_explain.mp4,10
/videos/level1/q06_question.mp4,/videos/level1/q06_choice.mp4,/videos/level1/q06_answer.mp4,/videos/level1/q06_explain.mp4,15
/videos/level1/q07_question.mp4,/videos/level1/q07_choice.mp4,/videos/level1/q07_answer.mp4,/videos/level1/q07_explain.mp4,10
/videos/level1/q08_question.mp4,/videos/level1/q08_choice.mp4,/videos/level1/q08_answer.mp4,/videos/level1/q08_explain.mp4,10
/videos/level1/q09_question.mp4,/videos/level1/q09_choice.mp4,/videos/level1/q09_answer.mp4,/videos/level1/q09_explain.mp4,12
/videos/level1/q10_question.mp4,/videos/level1/q10_choice.mp4,/videos/level1/q10_answer.mp4,/videos/level1/q10_explain.mp4,10
